id,member_id,date,amount
1,212,2022-10-01,14347
2,298,2018-06-18,4494
3,203,2013-12-08,5052
4,89,2022-04-06,14598
5,141,2018-11-05,7693
6,316,2020-12-07,11639
7,116,2018-02-15,12105
8,326,2022-07-11,8821
9,306,2022-11-12,10535
10,233,2018-10-24,6178
11,281,2022-04-01,10714
12,79,2017-08-18,7777
13,94,2023-03-17,14628
14,5,2018-07-31,4290
15,324,2022-11-24,3670
16,207,2022-07-21,9437
17,49,2023-05-12,4135
18,98,2017-10-06,3221
19,315,2021-07-10,7945
20,1,2016-05-03,4269
21,179,2023-06-27,14184
22,51,2016-01-05,10517
23,159,2014-08-20,13565
24,42,2023-09-29,3759
25,319,2014-08-08,12259
26,73,2023-05-03,13767
27,295,2016-10-26,12825
28,309,2021-01-03,12036
29,189,2017-11-15,5766
30,34,2022-09-28,10578
31,116,2020-12-21,10141
32,297,2014-10-24,2629
33,139,2015-06-01,2686
34,261,2019-05-10,7884
35,191,2019-12-09,12247
36,259,2019-11-11,9579
37,233,2016-01-20,14567
38,193,2021-04-03,6098
39,316,2016-04-19,6095
40,314,2021-04-22,14171
41,195,2020-05-06,6584
42,29,2022-06-09,6449
43,67,2014-04-21,11504
44,132,2015-05-27,10840
45,230,2021-02-23,4635
46,70,2021-07-13,10715
47,211,2019-06-21,12092
48,63,2020-05-29,3350
49,183,2016-08-28,14499
50,163,2021-10-31,10276
51,51,2014-08-14,12667
52,64,2015-04-04,12852
53,291,2018-11-09,9408
54,211,2019-05-25,8749
55,100,2022-11-13,3837
56,45,2014-03-03,13812
57,83,2021-06-26,3406
58,149,2022-04-23,6951
59,215,2016-02-12,4677
60,207,2014-06-18,14941
61,108,2013-12-23,3564
62,143,2016-04-11,8020
63,109,2019-11-15,10868
64,54,2017-07-02,10422
65,176,2022-05-30,4336
66,123,2018-07-17,4258
67,264,2019-11-03,5612
68,276,2021-12-01,7898
69,205,2015-09-24,14595
70,80,2023-09-20,3540
71,96,2015-09-03,9345
72,57,2015-07-20,5102
73,104,2016-08-11,11371
74,206,2018-07-28,2699
75,13,2023-08-28,9778
76,161,2019-06-03,8747
77,62,2020-11-06,14324
78,270,2020-04-22,7089
79,340,2023-07-19,5505
80,320,2022-11-28,9822
81,141,2016-01-23,10684
82,180,2014-12-12,2710
83,269,2015-09-01,8629
84,224,2014-12-19,2566
85,171,2018-09-08,9320
86,195,2022-02-21,10722
87,238,2016-03-18,13588
88,258,2017-05-02,4376
89,131,2020-11-18,13490
90,188,2018-01-15,14741
91,42,2014-01-18,6662
92,343,2016-07-05,9184
93,310,2014-09-12,9668
94,181,2023-09-10,9664
95,27,2018-01-17,7304
96,281,2017-12-19,6932
97,233,2021-05-03,13998
98,331,2017-08-07,13826
99,15,2014-09-19,9004
100,134,2021-07-13,4488
101,208,2016-02-14,11114
102,55,2018-07-08,11827
103,12,2019-07-06,6423
104,90,2013-12-15,3621
105,339,2014-12-07,8767
106,323,2016-01-04,13601
107,21,2018-09-25,7903
108,124,2020-04-19,13567
109,62,2018-03-25,6364
110,151,2014-11-09,14602
111,245,2022-09-06,9748
112,242,2020-09-29,13264
113,39,2015-09-23,10768
114,216,2022-04-25,14739
115,56,2015-05-14,8378
116,28,2023-04-27,3828
117,324,2021-11-12,8605
118,103,2019-05-23,7358
119,315,2015-03-28,13524
120,109,2018-02-26,11545
121,214,2014-07-26,3562
122,42,2017-11-29,2795
123,147,2016-09-01,8658
124,76,2014-02-12,6062
125,120,2022-09-25,4721
126,59,2017-08-14,5253
127,160,2021-06-16,13756
128,207,2018-12-22,12179
129,20,2021-01-13,12772
130,284,2020-10-17,6006
131,168,2018-09-13,14569
132,256,2021-04-01,3785
133,80,2023-09-06,11060
134,89,2020-01-04,9043
135,200,2016-11-20,11710
136,122,2019-11-05,12112
137,341,2015-10-10,6880
138,307,2018-10-08,3332
139,174,2019-06-03,7537
140,196,2016-12-13,10217
141,14,2015-12-06,8372
142,341,2017-05-31,2724
143,13,2016-01-11,9209
144,278,2014-11-17,9776
145,81,2017-03-04,9254
146,294,2023-04-01,12023
147,41,2016-08-03,9268
148,289,2014-07-30,7591
149,263,2022-07-11,4163
150,114,2014-07-24,2990
151,312,2016-10-24,13492
152,48,2021-07-22,2590
153,325,2020-04-23,10677
154,151,2021-04-01,14442
155,40,2020-06-20,7612
156,113,2014-12-05,13923
157,159,2022-07-11,12688
158,336,2020-08-21,7794
159,175,2021-11-04,11758
160,108,2014-02-10,9475
161,70,2016-02-28,6856
162,84,2016-05-26,7500
163,225,2015-01-26,3070
164,217,2017-12-02,3953
165,39,2021-10-29,7806
166,57,2016-11-03,9173
167,220,2023-08-30,3488
168,66,2023-09-13,3700
169,37,2021-09-04,6804
170,328,2020-12-08,4458
171,89,2013-12-30,10963
172,159,2017-12-01,3317
173,266,2016-07-06,10366
174,261,2016-05-29,10697
175,197,2021-02-25,11641
176,181,2017-04-25,10329
177,107,2020-06-19,2838
178,236,2020-01-17,13276
179,174,2021-02-07,6661
180,246,2020-01-21,9896
181,180,2018-01-15,13441
182,34,2017-09-20,11254
183,86,2017-07-11,13139
184,154,2014-12-29,8890
185,296,2015-03-22,5584
186,171,2015-05-30,3756
187,107,2020-07-27,5421
188,106,2019-04-18,5702
189,151,2016-11-07,7598
190,168,2016-01-22,5941
191,145,2023-02-17,5070
192,25,2015-11-03,13353
193,177,2021-10-26,9991
194,287,2014-05-29,9706
195,298,2017-04-01,5977
196,214,2014-01-07,8853
197,278,2019-05-10,12309
198,223,2017-01-16,11310
199,322,2020-10-22,12415
200,119,2015-05-16,7751
201,240,2019-10-15,5355
202,178,2014-02-26,6641
203,181,2022-08-11,13671
204,141,2015-05-30,11244
205,338,2018-04-26,4780
206,42,2015-12-23,3267
207,289,2020-11-02,9507
208,79,2015-05-20,4535
209,172,2017-02-18,12851
210,108,2022-04-15,6597
211,269,2014-04-14,6587
212,260,2022-06-06,14038
213,231,2014-05-27,3764
214,170,2017-03-13,13840
215,62,2022-04-18,8874
216,282,2020-06-14,6185
217,128,2015-09-29,11098
218,247,2016-01-31,10792
219,64,2018-12-08,7814
220,128,2015-07-11,3647
221,148,2021-07-04,11725
222,148,2017-01-07,9645
223,210,2017-09-27,7506
224,146,2015-10-03,3480
225,208,2022-11-30,14644
226,198,2016-01-31,14803
227,314,2017-09-21,4329
228,64,2018-10-18,7579
229,113,2018-07-28,4733
230,192,2023-08-24,10790
231,201,2015-02-26,4556
232,112,2016-04-18,8033
233,286,2021-11-13,9829
234,116,2016-06-02,9938
235,159,2017-04-16,5103
236,318,2022-05-05,3059
237,233,2021-04-05,8639
238,107,2022-01-26,10049
239,65,2023-01-06,14980
240,11,2019-04-20,10966
241,17,2016-07-10,11728
242,278,2018-06-06,12494
243,278,2016-09-16,10574
244,101,2014-05-13,11866
245,282,2017-06-06,4683
246,5,2014-05-02,5562
247,230,2022-05-08,7586
248,193,2020-09-10,12123
249,281,2015-07-22,3691
250,27,2015-03-01,8908
251,248,2015-11-23,4786
252,83,2022-06-08,2755
253,133,2023-02-14,10188
254,300,2020-06-20,12216
255,104,2014-03-13,14661
256,231,2022-03-18,5637
257,23,2022-10-14,5388
258,251,2017-07-20,5882
259,338,2017-12-26,7231
260,46,2015-10-12,14610
261,156,2023-08-08,3302
262,222,2016-04-02,3740
263,135,2019-06-05,10658
264,91,2013-11-26,3859
265,299,2019-05-18,10878
266,136,2021-06-24,4763
267,192,2019-03-11,9364
268,313,2020-08-28,5510
269,238,2015-08-30,11250
270,289,2019-12-24,8004
271,256,2018-11-18,2735
272,208,2021-10-24,12958
273,9,2016-10-27,5392
274,326,2014-07-25,13177
275,260,2017-08-05,13588
276,116,2019-11-27,5143
277,300,2019-01-31,6378
278,247,2015-09-01,14137
279,209,2023-06-18,4367
280,211,2017-06-10,4513
281,84,2021-09-14,4171
282,104,2022-03-02,6681
283,283,2018-12-29,12939
284,82,2015-04-29,4379
285,129,2023-03-23,8659
286,3,2021-05-14,12838
287,289,2022-04-25,9680
288,199,2014-10-13,8990
289,26,2019-04-16,7226
290,244,2018-05-19,12929
291,219,2017-11-15,6372
292,320,2017-07-04,10571
293,144,2021-05-18,7796
294,39,2020-09-05,5001
295,73,2015-03-10,5743
296,11,2020-11-08,9114
297,263,2021-11-01,11992
298,34,2019-06-26,8107
299,192,2014-03-28,13923
300,146,2020-08-04,3538
301,154,2019-09-11,7352
302,235,2022-10-04,13938
303,219,2022-01-19,9414
304,22,2017-05-29,12194
305,332,2022-02-05,11953
306,48,2017-09-26,7314
307,316,2016-07-28,3762
308,188,2015-08-29,11785
309,298,2022-01-20,3528
310,109,2016-06-09,11535
311,6,2017-04-16,10531
312,184,2020-05-15,7390
313,63,2016-03-01,3533
314,131,2016-04-29,10740
315,29,2020-09-24,3437
316,254,2016-04-30,12968
317,15,2017-04-26,7089
318,131,2018-12-27,10560
319,24,2014-11-08,6966
320,66,2018-05-20,12965
321,76,2014-06-26,5290
322,306,2022-04-05,2554
323,163,2019-02-05,8636
324,175,2017-11-16,6608
325,94,2016-12-22,7846
326,214,2022-06-01,14469
327,184,2016-04-20,12856
328,326,2014-12-08,6909
329,111,2022-04-19,3326
330,51,2017-07-20,13766
331,209,2017-07-26,6172
332,249,2019-03-12,8758
333,214,2015-07-17,7486
334,294,2022-08-28,12562
335,326,2019-02-26,14497
336,140,2020-08-03,3502
337,102,2015-07-01,5910
338,132,2020-06-04,4911
339,136,2020-02-26,5288
340,213,2020-09-26,14611
341,315,2014-06-18,11169
342,30,2014-02-22,4775
343,264,2015-11-11,6600
344,316,2019-06-10,6145
345,185,2019-07-10,9791
346,64,2018-09-01,9425
347,50,2022-11-29,7456
348,186,2020-12-29,2735
349,263,2014-04-23,3924
350,160,2017-09-20,9665
351,300,2020-11-13,13310
352,108,2018-10-03,11667
353,213,2021-04-16,8597
354,209,2014-11-16,7619
355,224,2014-11-16,2596
356,146,2021-10-06,9291
357,243,2019-03-04,4714
358,173,2020-01-28,13282
359,137,2021-10-09,10030
360,68,2018-11-15,12501
361,252,2020-07-07,10095
362,209,2016-10-02,8977
363,14,2014-10-14,4063
364,126,2021-07-06,3303
365,61,2017-07-17,10011
366,277,2019-03-22,9886
367,327,2016-12-23,12012
368,107,2023-07-26,4796
369,15,2023-02-21,11838
370,23,2022-09-04,11143
371,7,2019-06-13,2524
372,329,2016-03-03,13684
373,263,2022-04-06,14884
374,136,2023-07-05,13645
375,107,2022-09-26,4395
376,176,2019-03-06,14262
377,106,2019-11-08,7972
378,137,2021-12-08,13860
379,193,2015-04-11,3514
380,9,2015-06-22,5197
381,28,2019-01-20,13284
382,147,2023-05-20,12378
383,116,2018-03-22,7579
384,221,2016-10-07,3504
385,46,2023-06-21,14006
386,60,2021-06-05,14319
387,234,2014-02-10,12919
388,142,2020-03-16,2689
389,127,2023-03-09,5240
390,155,2023-01-03,6167
391,99,2018-08-05,2842
392,163,2019-08-06,13073
393,56,2022-10-31,3764
394,200,2022-02-24,13326
395,325,2015-05-25,5878
396,341,2016-08-14,14138
397,289,2018-07-31,6755
398,248,2021-11-15,14007
399,163,2022-11-27,13455
400,306,2016-12-26,6744
401,224,2023-08-03,13110
402,109,2016-01-30,4828
403,10,2017-05-23,13690
404,4,2014-12-25,2653
405,44,2020-07-15,11358
406,287,2020-03-10,9487
407,121,2019-12-28,3054
408,9,2019-12-29,11636
409,142,2017-02-17,11668
410,42,2021-06-27,5169
411,46,2016-02-06,11892
412,76,2015-11-18,11959
413,312,2018-06-04,10045
414,166,2014-07-15,10531
415,34,2018-06-02,9622
416,311,2017-05-14,3188
417,296,2021-06-11,9788
418,327,2014-03-30,2654
419,198,2022-10-26,14265
420,108,2015-08-04,10412
421,41,2016-02-17,9200
422,112,2022-12-30,12683
423,133,2015-06-08,14070
424,213,2018-07-12,6378
425,287,2015-09-09,4570
426,54,2016-07-19,9664
427,341,2022-07-07,13839
428,314,2016-03-20,13670
429,207,2016-01-21,8769
430,324,2021-04-14,14462
431,18,2020-02-08,2954
432,215,2015-04-05,6983
433,286,2022-12-27,11350
434,71,2019-09-03,11114
435,299,2015-05-13,7234
436,158,2015-03-18,2709
437,57,2018-03-13,9750
438,162,2017-02-03,9855
439,104,2019-09-06,14347
440,198,2021-07-10,13478
441,188,2016-11-01,6870
442,301,2021-04-08,6599
443,21,2018-12-01,6149
444,130,2018-02-28,13445
445,296,2023-09-10,13994
446,109,2019-04-21,5822
447,104,2020-01-24,9249
448,173,2021-06-30,13509
449,234,2019-05-19,12327
450,77,2023-04-09,7957
451,196,2016-01-09,14345
452,196,2019-01-23,7543
453,218,2018-08-25,3138
454,291,2023-02-22,8719
455,193,2016-02-20,10015
456,91,2015-02-06,3379
457,119,2020-09-23,8677
458,258,2023-05-06,4211
459,43,2019-03-03,9933
460,330,2020-07-06,12665
461,63,2015-12-31,14624
462,148,2014-02-16,3442
463,97,2020-09-29,9550
464,59,2020-05-02,13069
465,199,2019-02-11,8243
466,157,2014-04-10,6833
467,246,2022-06-22,7727
468,288,2017-03-14,4333
469,139,2017-11-22,3783
470,224,2015-03-01,2988
471,77,2014-10-30,3739
472,276,2019-07-25,8990
473,90,2014-06-08,10370
474,279,2023-04-28,8760
475,49,2015-06-22,4123
476,244,2014-02-16,5111
477,276,2018-05-07,7539
478,227,2022-08-10,12092
479,266,2017-07-02,7295
480,103,2017-04-12,11300
481,110,2023-01-17,13781
482,215,2015-08-28,14803
483,71,2021-09-27,2715
484,120,2019-12-18,4287
485,333,2015-02-23,11770
486,163,2017-07-10,14846
487,68,2021-03-30,14769
488,170,2016-06-18,8695
489,37,2021-12-12,8917
490,167,2020-08-20,7521
491,188,2019-04-28,8465
492,243,2017-02-06,8236
493,339,2018-01-06,13794
494,29,2020-05-08,10050
495,55,2021-01-26,13283
496,10,2019-03-29,2635
497,312,2023-02-19,8711
498,107,2015-06-22,10235
499,79,2022-06-16,10282
500,37,2018-12-05,11435
501,242,2015-06-23,14623
502,39,2016-01-01,4014
503,95,2020-04-28,6324
504,57,2014-11-23,4324
505,84,2022-01-11,8456
506,84,2014-07-03,3194
507,294,2014-07-05,14639
508,149,2018-10-06,13654
509,272,2019-01-24,10052
510,300,2017-08-29,13018
511,260,2017-02-09,4380
512,73,2014-11-26,4560
513,30,2016-07-01,9169
514,63,2019-02-21,6961
515,335,2017-10-14,10519
516,301,2015-06-26,8570
517,297,2019-11-04,10807
518,300,2018-01-03,10008
519,9,2013-11-15,12383
520,311,2015-11-24,6844
521,213,2022-02-06,10537
522,206,2019-01-24,3855
523,89,2023-06-12,12676
524,45,2021-06-26,2967
525,240,2018-06-09,13094
526,291,2017-03-08,9226
527,289,2021-07-23,4250
528,296,2021-01-11,4976
529,333,2021-01-14,10528
530,286,2015-12-21,12112
531,4,2018-12-12,7701
532,149,2021-01-17,4788
533,44,2014-07-23,14637
534,117,2019-05-08,11328
535,174,2021-07-24,9028
536,162,2019-01-17,10069
537,321,2019-12-03,6860
538,273,2023-03-06,11156
539,121,2018-03-22,11774
540,7,2017-11-30,12413
541,136,2019-11-08,4183
542,105,2014-11-16,8792
543,182,2020-01-29,3229
544,138,2020-10-15,3904
545,212,2021-09-22,14880
546,65,2015-01-07,3774
547,293,2018-05-21,7760
548,199,2018-09-23,3232
549,146,2022-11-10,7236
550,195,2022-08-18,8589
551,155,2023-03-29,5831
552,321,2018-04-11,12303
553,298,2016-10-05,7409
554,58,2023-08-05,8813
555,90,2020-12-08,5353
556,117,2018-03-08,8434
557,288,2013-12-29,3887
558,138,2022-06-10,10084
559,122,2021-04-17,3215
560,289,2023-03-30,12275
561,282,2017-06-17,6860
562,324,2016-09-09,7817
563,304,2020-10-04,6112
564,47,2017-06-06,13374
565,324,2018-04-04,5095
566,338,2021-01-27,9008
567,91,2020-12-29,7929
568,80,2019-07-02,8348
569,271,2022-12-07,8973
570,183,2015-10-12,12710
571,131,2014-01-13,8541
572,46,2015-09-09,7680
573,325,2016-07-15,8965
574,150,2021-10-06,10750
575,207,2020-07-06,14646
576,210,2019-06-23,14092
577,325,2014-05-26,12799
578,134,2023-08-31,13952
579,77,2023-05-03,9101
580,156,2015-05-27,8198
581,82,2021-05-05,6405
582,11,2021-05-24,11976
583,218,2013-11-13,12380
584,138,2022-11-11,12429
585,250,2016-02-12,9227
586,133,2020-12-10,5169
587,41,2014-12-09,3868
588,10,2022-03-23,11007
589,10,2019-11-21,5444
590,14,2017-11-11,9083
591,211,2023-02-11,14535
592,78,2019-01-21,13832
593,145,2016-12-21,3171
594,7,2022-05-24,10894
595,318,2017-07-14,2577
596,147,2016-04-18,13986
597,139,2019-04-27,4188
598,53,2023-09-08,12966
599,67,2017-05-30,6171
600,90,2022-01-01,6171
601,324,2023-09-06,8374
602,37,2023-04-27,9919
603,246,2022-04-05,12989
604,254,2023-03-26,8911
605,301,2015-11-04,6365
606,110,2017-12-25,12642
607,98,2017-04-23,4667
608,132,2021-01-03,4988
609,163,2022-10-01,8988
610,179,2017-05-08,9108
611,83,2021-11-09,13441
612,45,2022-08-25,13928
613,303,2019-02-10,7778
614,44,2015-05-16,13187
615,101,2023-03-25,8693
616,113,2021-03-29,6202
617,270,2017-01-31,6919
618,142,2018-08-18,8924
619,238,2022-01-15,12788
620,263,2022-03-12,5360
621,299,2015-06-14,10472
622,135,2017-03-23,13613
623,13,2015-01-05,10385
624,144,2022-11-05,6036
625,312,2015-12-07,2883
626,56,2018-11-13,10867
627,79,2014-12-25,11257
628,152,2021-11-23,4313
629,176,2015-12-16,9374
630,97,2014-08-18,3412
631,116,2022-04-26,12001
632,267,2016-12-09,8730
633,117,2014-10-13,8615
634,254,2016-10-22,5481
635,195,2016-01-26,2555
636,315,2019-08-03,8067
637,145,2015-10-28,7538
638,253,2023-02-01,9723
639,174,2015-09-26,6727
640,106,2017-04-24,9917
641,130,2015-09-02,3957
642,86,2022-04-24,13082
643,254,2023-07-22,10519
644,258,2023-09-07,10236
645,67,2015-10-23,10302
646,31,2022-05-01,4839
647,21,2016-01-01,14815
648,48,2018-01-10,13939
649,44,2015-04-18,2987
650,295,2019-03-20,3891
651,69,2014-12-24,13497
652,83,2015-06-12,5682
653,319,2019-12-10,6571
654,172,2022-07-21,14057
655,74,2023-02-16,9947
656,329,2023-03-17,3768
657,106,2019-03-11,2741
658,85,2016-05-04,10386
659,317,2020-07-19,3041
660,141,2015-06-26,8741
661,312,2014-10-15,9712
662,140,2018-05-04,5575
663,190,2017-06-07,8151
664,45,2018-04-11,2842
665,222,2022-03-30,6479
666,111,2022-08-03,9936
667,245,2014-05-25,8736
668,106,2017-03-06,7647
669,198,2020-04-17,12323
670,256,2019-02-06,6952
671,64,2014-01-12,2636
672,50,2018-07-10,3719
673,291,2019-07-17,11693
674,91,2021-11-07,4981
675,157,2019-10-30,10036
676,16,2017-05-23,13403
677,223,2017-01-09,9779
678,100,2022-03-08,12573
679,167,2017-05-19,6057
680,103,2015-02-02,10961
681,331,2018-12-28,12809
682,273,2015-11-23,12821
683,176,2023-04-02,3936
684,292,2018-09-03,7858
685,282,2018-04-17,9113
686,267,2019-08-06,12872
687,89,2016-04-09,6869
688,287,2015-07-10,4482
689,311,2017-06-24,6199
690,8,2023-05-30,3371
691,126,2022-03-25,8560
692,343,2018-05-30,3311
693,161,2016-09-28,2654
694,3,2014-11-26,3498
695,227,2015-01-06,12551
696,8,2014-10-28,11305
697,220,2018-01-10,12506
698,232,2016-02-28,6740
699,167,2019-01-28,8008
700,151,2018-03-06,6468
701,19,2019-10-13,8483
702,259,2017-10-30,7233
703,121,2016-04-23,4117
704,68,2022-02-12,10661
705,190,2018-12-10,3322
706,28,2017-04-02,6163
707,328,2019-06-11,14913
708,32,2017-11-24,8939
709,153,2018-03-23,4883
710,83,2021-07-13,14102
711,63,2015-12-07,8369
712,190,2017-06-10,2782
713,112,2020-03-02,9835
714,331,2017-04-06,9634
715,265,2022-08-25,4779
716,296,2014-07-14,6183
717,43,2019-12-22,8436
718,178,2017-12-18,5520
719,153,2023-01-31,8276
720,69,2020-06-11,10732
721,245,2014-10-04,8536
722,110,2019-12-19,5914
723,252,2020-10-05,10248
724,41,2014-06-28,7527
725,301,2021-02-24,13724
726,100,2019-12-13,12854
727,284,2019-12-15,4269
728,42,2018-02-10,6341
729,99,2015-01-26,11128
730,17,2016-04-04,9831
731,119,2015-04-28,3894
732,203,2018-03-11,11446
733,37,2020-12-31,6149
734,178,2019-09-22,13653
735,279,2022-11-28,13284
736,317,2017-05-20,13852
737,181,2013-12-20,12264
738,155,2014-09-29,12472
739,14,2018-04-29,7693
740,124,2015-05-23,8628
741,186,2019-12-12,11350
742,327,2017-03-30,5010
743,123,2019-07-22,11415
744,81,2023-06-23,8790
745,119,2022-10-20,2832
746,2,2015-01-05,9831
747,215,2015-02-24,3176
748,77,2018-01-06,13117
749,323,2023-04-25,5218
750,251,2022-09-12,10009
751,188,2014-08-10,11079
752,41,2018-03-21,5597
753,240,2018-05-06,5560
754,285,2020-02-27,5923
755,170,2014-11-25,9357
756,164,2015-10-21,5260
757,254,2019-02-25,6205
758,90,2014-01-18,5919
759,162,2021-10-08,14475
760,17,2021-03-08,8093
761,327,2020-03-23,2686
762,149,2018-03-21,3819
763,52,2018-02-02,7019
764,171,2020-12-22,13561
765,43,2022-07-16,2792
766,163,2016-11-28,8705
767,171,2023-06-22,13124
768,174,2016-07-28,9686
769,243,2020-12-08,14386
770,202,2021-08-04,10919
771,336,2019-09-10,8399
772,84,2020-07-23,10573
773,131,2023-01-23,9051
774,193,2019-01-13,12628
775,294,2015-11-24,7799
776,100,2022-10-14,13819
777,296,2020-04-27,6046
778,121,2021-04-29,7753
779,154,2015-01-11,7395
780,208,2015-04-06,14254
781,65,2023-07-27,8894
782,340,2016-04-18,8346
783,177,2017-02-21,3238
784,340,2016-06-07,13943
785,104,2019-09-15,2942
786,62,2014-12-16,7706
787,107,2022-11-15,3437
788,283,2020-07-16,4373
789,41,2017-08-14,4378
790,281,2016-12-31,10707
791,40,2019-01-13,7942
792,189,2017-03-24,7685
793,16,2016-01-03,10306
794,316,2015-09-09,9983
795,48,2023-08-31,12587
796,24,2015-05-12,14555
797,99,2020-01-23,5725
798,133,2019-05-12,12660
799,202,2016-04-25,10775
800,77,2022-09-16,11854
801,237,2015-01-15,3540
802,80,2020-08-31,6447
803,303,2019-03-15,14487
804,183,2022-11-08,3723
805,277,2017-09-11,13459
806,109,2021-08-08,10064
807,150,2020-10-03,10149
808,331,2021-10-24,6299
809,96,2022-07-20,13621
810,292,2023-02-07,10592
811,166,2016-02-20,5817
812,328,2015-03-03,8417
813,96,2018-09-11,9924
814,144,2019-08-30,12794
815,150,2015-04-29,4854
816,33,2021-09-23,11554
817,165,2016-05-24,14897
818,272,2015-07-30,13962
819,119,2016-06-19,8809
820,321,2021-08-18,3330
821,225,2014-04-01,8521
822,225,2021-09-27,7420
823,341,2023-08-17,14588
824,47,2020-08-25,8658
825,79,2018-05-07,6544
826,187,2015-03-29,7264
827,126,2016-12-29,10318
828,56,2021-02-10,11441
829,95,2022-10-06,10689
830,289,2023-05-18,7298
831,75,2015-11-01,5244
832,144,2017-10-23,7000
833,214,2015-08-19,8831
834,228,2013-12-06,7607
835,194,2018-04-12,4921
836,19,2015-02-14,13187
837,316,2020-01-04,2961
838,172,2022-12-12,4629
839,93,2015-02-14,4441
840,115,2021-02-23,6554
841,229,2020-01-03,10397
842,275,2022-01-01,4419
843,344,2021-11-12,4093
844,18,2021-05-25,2574
845,345,2014-12-14,2727
846,302,2021-12-30,11480
847,132,2021-08-07,11636
848,308,2022-06-22,6229
849,149,2018-11-15,5890
850,165,2020-02-19,8381
851,57,2023-06-24,6239
852,162,2016-06-19,5122
853,188,2020-04-18,10587
854,60,2014-05-14,14916
855,78,2015-03-12,8711
856,10,2015-11-23,3831
857,160,2014-03-22,6037
858,188,2023-04-05,11457
859,260,2018-04-21,7569
860,271,2022-02-10,4613
861,2,2023-01-15,9064
862,15,2013-11-29,3365
863,202,2019-04-02,4531
864,262,2017-08-21,4936
865,72,2020-08-09,9529
866,28,2016-11-26,8367
867,232,2021-08-14,12981
868,167,2020-09-26,6389
869,66,2021-03-21,11162
870,239,2020-01-03,14284
871,257,2022-12-30,10469
872,295,2021-04-01,9809
873,110,2022-03-01,4497
874,3,2023-02-09,10809
875,125,2017-07-16,12193
876,237,2015-02-15,10840
877,268,2018-09-02,5895
878,296,2019-10-15,12879
879,98,2017-11-12,11632
880,173,2019-05-27,7057
881,49,2020-08-09,6511
882,150,2014-05-30,3905
883,246,2018-10-27,7598
884,128,2015-05-27,6151
885,38,2023-09-07,10827
886,123,2013-11-14,7001
887,342,2016-05-11,10421
888,343,2017-03-07,11104
889,103,2019-05-22,4316
890,116,2021-08-07,9386
891,194,2019-09-09,4040
892,309,2015-12-20,11494
893,140,2022-10-24,12950
894,58,2018-06-14,10950
895,200,2021-07-08,4747
896,138,2022-04-03,7974
897,109,2016-02-14,9194
898,169,2014-12-12,11981
899,160,2017-08-02,6373
900,175,2022-01-01,2666
901,95,2014-07-26,8190
902,42,2015-07-01,13045
903,177,2019-10-30,10044
904,157,2023-07-11,14527
905,129,2016-11-11,10728
906,242,2022-04-02,11610
907,15,2018-03-26,12722
908,258,2018-12-16,13854
909,345,2015-05-17,3495
910,89,2020-05-20,7101
911,11,2020-03-08,12570
912,45,2022-09-20,5157
913,43,2022-11-03,7570
914,27,2014-10-08,5273
915,215,2023-02-21,6111
916,73,2016-08-27,10123
917,279,2016-09-15,14551
918,114,2014-12-07,5775
919,156,2023-04-19,3669
920,299,2019-05-04,10232
921,315,2015-06-30,5381
922,216,2014-12-06,6372
923,146,2016-02-28,12612
924,80,2018-04-22,12033
925,133,2021-03-08,14637
926,98,2016-10-08,12303
927,155,2014-06-21,10767
928,130,2015-07-19,13738
929,93,2015-03-05,13056
930,324,2022-04-17,12948
931,254,2014-02-15,6227
932,308,2015-01-17,9368
933,188,2015-04-29,14172
934,309,2023-03-31,10242
935,217,2017-06-16,10864
936,252,2019-08-08,13030
937,280,2014-05-16,4882
938,49,2015-02-28,11978
939,186,2018-03-06,8581
940,228,2019-03-02,14284
941,122,2015-07-04,3217
942,162,2018-01-08,4922
943,207,2021-07-30,10147
944,206,2021-06-24,11116
945,278,2021-12-26,14876
946,273,2020-01-06,7663
947,77,2021-06-07,14104
948,303,2015-06-16,4252
949,83,2018-11-19,13392
950,109,2020-07-14,8535
951,211,2020-11-07,10347
952,273,2017-12-26,11420
953,191,2014-07-25,8567
954,27,2016-09-13,2862
955,9,2021-08-27,5783
956,52,2020-04-20,9143
957,249,2023-04-01,14902
958,330,2022-12-23,6605
959,68,2019-02-01,12977
960,300,2018-05-25,11967
961,319,2020-06-06,7260
962,32,2019-02-03,12102
963,33,2015-02-26,6612
964,117,2016-03-14,8831
965,149,2022-03-25,11185
966,167,2021-06-20,9507
967,18,2022-01-29,5976
968,19,2019-03-07,5049
969,238,2016-08-05,13865
970,28,2021-06-22,8592
971,252,2015-04-09,6952
972,340,2020-07-03,8965
973,197,2017-04-05,7218
974,213,2017-07-15,3164
975,325,2023-03-09,11725
976,72,2015-07-11,10953
977,226,2022-11-19,8694
978,37,2018-02-27,8490
979,181,2017-09-11,10116
980,223,2016-04-08,8424
981,235,2020-05-07,2750
982,152,2015-01-21,11252
983,278,2019-10-22,8118
984,267,2021-04-20,6877
985,300,2022-10-28,9872
986,55,2022-04-03,12283
987,135,2020-03-13,5427
988,273,2023-03-05,10886
989,26,2022-03-30,3153
990,116,2016-07-29,3162
991,209,2021-02-12,12576
992,176,2020-12-18,11515
993,114,2022-01-08,13070
994,327,2022-12-01,11481
995,74,2021-02-22,9480
996,342,2016-10-13,14706
997,264,2019-04-04,12755
998,217,2019-07-23,13411
999,68,2021-09-27,10783
1000,175,2022-01-15,3957
